prevalence,pt,NB BTM score,NB test all
0.05,0.05,0.043387345679012354,0.0
0.05,0.1,0.04103069272976682,-0.05555555555555555
0.05,0.2,0.035433641975308655,-0.1875
0.05,0.3,0.02823743386243387,-0.35714285714285715
0.1,0.05,0.0890073099415205,0.052631578947368425
0.1,0.1,0.08677469135802471,0.0
0.1,0.2,0.08147222222222224,-0.125
0.1,0.3,0.07465476190476192,-0.2857142857142857
0.18,0.05,0.16199925276153349,0.13684210526315788
0.18,0.1,0.15996508916323735,0.08888888888888886
0.18,0.2,0.15513395061728397,-0.025000000000000022
0.18,0.3,0.1489224867724868,-0.17142857142857149
0.3,0.05,0.271487166991553,0.2631578947368421
0.3,0.1,0.26975068587105633,0.2222222222222222
0.3,0.2,0.2656265432098766,0.125
0.3,0.3,0.26032407407407415,0.0
