Comparator,AUC BTM score,AUC comparator,Difference,z,p (median),"p (Holm, median)",% repetitions significant (Holm),"Significant (Holm, majority)"
Mentzer,0.9791666666666667,0.9135185185185184,0.06564814814814834,3.1854558149481775,0.0014453357169188364,0.010117350018431854,95.0,True
RDWI,0.9791666666666667,0.9549382716049382,0.02422839506172858,1.755805760276853,0.07912201706215484,0.3956100853107742,0.0,False
Srivastava,0.9791666666666667,0.7892283950617285,0.18993827160493826,6.278563202601339,3.4171903433518923e-10,3.758909377687082e-09,100.0,True
S&L,0.9791666666666667,0.6755246913580247,0.303641975308642,9.569248462274249,1.0813774598474434e-21,1.2976529518169319e-20,100.0,True
E&F,0.9791666666666667,0.9595061728395062,0.019660493827160508,1.0701955739319233,0.2845328297556736,0.6714864507254514,0.0,False
G&K,0.9791666666666667,0.9699382716049383,0.009228395061728456,0.672894049760663,0.5010151058113106,0.6714864507254514,0.0,False
Ricerca,0.9791666666666667,0.9269135802469135,0.052253086419753125,2.949448976304601,0.0031908910487662267,0.01914534629259736,85.0,True
Sirdah,0.9791666666666667,0.9567901234567902,0.022376543209876587,1.3284937270522643,0.18401526871088275,0.6714864507254514,0.0,False
Ehsani,0.9791666666666667,0.9093827160493828,0.06978395061728393,3.453480996257746,0.0005534224545667708,0.004427379636534166,95.0,True
CRUISE,0.9791666666666667,0.8064197530864198,0.1727777777777778,5.424536446230256,5.818908105033677e-08,5.818908105033677e-07,100.0,True
MDHL,0.9791666666666667,0.9519753086419755,0.027191358024691192,1.3790758914142462,0.16787161268136286,0.6714864507254514,0.0,False
HH,0.9791666666666667,0.8913271604938272,0.08796296296296302,4.030148201896789,5.5745027041024594e-05,0.0005017052433692213,100.0,True
