Method,n_iterations,AUC mean,AUC p2.5,AUC p97.5,Sensitivity mean,Sensitivity p2.5,Sensitivity p97.5,Specificity mean,Specificity p2.5,Specificity p97.5,PPV mean,PPV p2.5,PPV p97.5,NPV mean,NPV p2.5,NPV p97.5,Accuracy mean,Accuracy p2.5,Accuracy p97.5,F1 mean,F1 p2.5,F1 p97.5,PPV n undefined,NPV n undefined
Mentzer,1000,0.9132770919067216,0.855264060356653,0.9670953360768175,0.6661111111111111,0.5,0.8333333333333334,0.9330123456790124,0.8885802469135802,0.9753086419753086,0.693847582141128,0.5333333333333333,0.8571428571428571,0.9266687804031396,0.891566265060241,0.9629629629629629,0.8844848484848485,0.8282828282828283,0.9295454545454543,0.6761220486619152,0.5294117647058824,0.8125000000000001,0,0
RDWI,1000,0.9565212620027435,0.8964163237311384,0.9945130315500685,0.7707777777777778,0.6111111111111112,0.9444444444444444,0.9853580246913579,0.9629629629629629,1.0,0.924194777723996,0.8125,1.0,0.9511957723722019,0.9186046511627907,0.9876543209876543,0.9463434343434344,0.9090909090909091,0.9797979797979798,0.8371982282030056,0.7096774193548387,0.9444444444444444,0,0
Srivastava,1000,0.7890270919067216,0.6989026063100137,0.8745027434842251,0.5159444444444445,0.3333333333333333,0.7222222222222222,0.8852716049382716,0.8271604938271605,0.9382716049382716,0.5039963816777997,0.3333333333333333,0.6671052631578943,0.8920205906233301,0.8536585365853658,0.9285714285714286,0.8181212121212121,0.7575757575757576,0.8787878787878788,0.5062614392710578,0.34285714285714286,0.6666666666666666,0,0
S&L,1000,0.6747932098765432,0.5843621399176955,0.7633916323731139,1.0,1.0,1.0,0.04080246913580247,0.012345679012345678,0.07407407407407407,0.188143991943071,0.1836734693877551,0.1935483870967742,1.0,1.0,1.0,0.2152020202020202,0.1919191919191919,0.24242424242424243,0.3166919152532204,0.3103448275862069,0.3243243243243243,0,24
E&F,1000,0.9596491769547325,0.9190329218106997,0.9911008230452675,0.4172777777777778,0.2222222222222222,0.6111111111111112,1.0,1.0,1.0,1.0,1.0,1.0,0.8856751985869968,0.8526315789473684,0.9204545454545454,0.8940505050505051,0.8585858585858586,0.9292929292929293,0.5821623335984355,0.3636363636363636,0.7586206896551725,0,0
G&K,1000,0.9710939643347051,0.9265946502057613,0.9972565157750344,0.6217222222222222,0.4444444444444444,0.8333333333333334,0.9893950617283952,0.9753086419753086,1.0,0.9309923195913133,0.8125,1.0,0.9220705405810175,0.8888888888888888,0.963855421686747,0.9225454545454546,0.8888888888888888,0.9595959595959596,0.740852873971193,0.5925925925925926,0.8823529411764706,0,0
Ricerca,1000,0.9289862825788752,0.8641803840877915,0.98079561042524,0.9520555555555557,0.8333333333333334,1.0,0.5667654320987654,0.48148148148148145,0.654320987654321,0.3296054984415376,0.2833333333333333,0.3829787234042553,0.981730346514326,0.9463527628032344,1.0,0.6368181818181817,0.5656565656565656,0.7070707070707071,0.4891807226252722,0.4323811152925077,0.5485235732009924,0,0
Sirdah,1000,0.9568134430727023,0.9176954732510288,0.9897290809327847,0.5842222222222222,0.3888888888888889,0.7777777777777778,0.9852222222222223,0.9629629629629629,1.0,0.9006979987977279,0.75,1.0,0.9146042492636455,0.8791208791208791,0.9523809523809523,0.9123131313131312,0.8686868686868687,0.9494949494949495,0.7041207074638409,0.5384615384615385,0.8484848484848485,0,0
Ehsani,1000,0.9090901920438957,0.8497856652949246,0.9629715363511661,0.633,0.4444444444444444,0.8333333333333334,0.9065555555555556,0.8518518518518519,0.9629629629629629,0.6058093513030838,0.4583333333333333,0.7857142857142857,0.9177992921561129,0.8795180722891566,0.959472972972973,0.8568181818181817,0.797979797979798,0.9191919191919192,0.6157950933607672,0.47058823529411764,0.7648190045248867,0,0
CRUISE,1000,0.8065390946502058,0.7263374485596708,0.8799897119341564,0.8513888888888889,0.7222222222222222,1.0,0.6254074074074074,0.5432098765432098,0.7160493827160493,0.3372021282888166,0.2765957446808511,0.40540540540540543,0.9501755563424505,0.9038461538461539,1.0,0.6664949494949495,0.5959595959595959,0.7376262626262624,0.4823543941373181,0.40565217391304353,0.5666666666666667,0,0
MDHL,1000,0.9521858710562414,0.9080761316872428,0.9883401920438958,0.551,0.3888888888888889,0.7222222222222222,1.0,1.0,1.0,1.0,1.0,1.0,0.909642440450201,0.8804347826086957,0.9418604651162791,0.9183636363636363,0.8888888888888888,0.9494949494949495,0.705135987085889,0.56,0.8387096774193548,0,0
HH,1000,0.8945349794238682,0.8099965706447187,0.962962962962963,0.18577777777777776,0.05555555555555555,0.3333333333333333,0.9893703703703705,0.9629629629629629,1.0,0.8014485319846041,0.3333333333333333,1.0,0.8455568738006529,0.8229166666666666,0.8709677419354839,0.8432626262626262,0.8080808080808081,0.8689393939393938,0.29516432388274494,0.09523809523809525,0.5,2,0
"MCHD (published direction; inverted in this cohort, not interpreted)",1000,0.09794615912208508,0.043878600823045275,0.16256858710562416,0.9835555555555555,0.9444444444444444,1.0,0.007407407407407407,0.0,0.024691358024691357,0.18045106121173865,0.17346938775510204,0.18556701030927836,0.6730279898218829,0.0,1.0,0.18488888888888885,0.1717171717171717,0.20202020202020202,0.3049503294911249,0.29310344827586204,0.3130434782608696,0,345
XGBoost (20 variables),1000,0.9843504801097394,0.9574588477366255,0.9993312757201647,0.901888888888889,0.7222222222222222,1.0,0.9591851851851853,0.8888888888888888,1.0,0.845023460393778,0.64,1.0,0.9781928237948402,0.9411764705882353,1.0,0.9487676767676768,0.8888888888888888,0.98989898989899,0.8668935491888544,0.7499999999999999,0.9714285714285714,0,0
Elastic Net (20 variables),1000,0.9879519890260631,0.9588477366255145,1.0,0.945388888888889,0.7777777777777778,1.0,0.9625432098765432,0.9012345679012346,1.0,0.8576483906733949,0.68,1.0,0.9878419780260385,0.9523809523809523,1.0,0.9594242424242425,0.9090909090909091,0.98989898989899,0.8957167507787762,0.7906976744186047,0.972972972972973,0,0
BTM score (Youden threshold),1000,0.9767469135802469,0.9368827160493828,1.0,0.9101666666666669,0.7222222222222222,1.0,0.9575802469135802,0.8765432098765432,1.0,0.8411520112138832,0.6153846153846154,1.0,0.9798798600587328,0.9411589635854342,1.0,0.9489595959595959,0.8787878787878788,0.98989898989899,0.8692763677399542,0.7083333333333334,0.972972972972973,0,0
BTM score (high-sensitivity threshold),1000,0.9767469135802469,0.9368827160493828,1.0,0.9211666666666667,0.7222222222222222,1.0,0.9415185185185184,0.7398148148148148,1.0,0.8142586970263116,0.4468984962406015,1.0,0.9823786088213581,0.9411764705882353,1.0,0.9378181818181818,0.7772727272727273,0.9797979797979798,0.8540295502179538,0.6069642857142857,0.9473684210526316,0,0
