Comparator,Mean AUC difference,2.5th pct,97.5th pct,% iterations BTM score higher
Elastic Net (20 variables),-0.01120507544581619,-0.04463305898491077,0.003429355281207025,12.0
XGBoost (20 variables),-0.007603566529492456,-0.0445987654320988,0.028120713305898496,41.699999999999996
Mentzer,0.06346982167352536,0.005486968449931351,0.12037894375857336,98.4
RDWI,0.020225651577503424,-0.027434842249657088,0.06652949245541828,86.1
Srivastava,0.18771982167352536,0.09806241426611788,0.276440329218107,100.0
S&L,0.30195370370370367,0.21532921810699598,0.392318244170096,100.0
E&F,0.017097736625514396,-0.03429355281207125,0.06207990397805216,75.7
G&K,0.005652949245541836,-0.033607681755829955,0.04801097393689979,61.4
Ricerca,0.047760631001371734,-0.0068587105624142745,0.10426954732510291,96.0
Sirdah,0.019933470507544578,-0.026063100137174278,0.06380315500685879,80.60000000000001
Ehsani,0.06765672153635116,0.009936556927297576,0.12379972565157749,98.6
CRUISE,0.17020781893004114,0.08299039780521267,0.25720164609053486,100.0
MDHL,0.02456104252400548,-0.02950960219478745,0.0761316872427984,80.60000000000001
HH,0.0822119341563786,0.01575788751714683,0.15435528120713304,98.5
